name,thermal_cond,thermal_cond_liq,spec_heat_cap,spec_heat_cap_liq,density,density_liq,electrical_res,rel_permit,rel_permeab,q3d_id,young_modulus,poissons_ratios,thermal_expansion_coeffcient,type,melting_temp
zinc,115.5,,389,,7140,,5.99E-08,,,zinc,1.15E+11,0.33,6.35E-05,,
Acrylic Resin-JSME,,,,,,,,,,Acrylic Resin-JSME,,,,Conductor,
Ag-99.9%,,,,,,,,,,Ag-99.9%,,,,Conductor,
Ag-99.99%,,,,,,,,,,Ag-99.99%,,,,Conductor,
Ag-Typical,,,,,,,,,,Ag-Typical,,,,Conductor,
Ag-Typical_Ref,,,,,,,,,,Ag-Typical_Ref,,,,Conductor,
Air,,,,,,,,,,Air,,,,Conductor,
Air(@300K),,,,,,,,,,Air(@300K),,,,Conductor,
Air-Dry(@325K),,,,,,,,,,Air-Dry(@325K),,,,Conductor,
Air-Moist(@325K),,,,,,,,,,Air-Moist(@325K),,,,Conductor,
Air-solid,,,,,,,,,,Air-solid,,,,Conductor,
Air@(10000m),,,,,,,,,,Air@(10000m),,,,Conductor,
Air@(1000m),,,,,,,,,,Air@(1000m),,,,Conductor,
Air@(11000m),,,,,,,,,,Air@(11000m),,,,Conductor,
Air@(12000m),,,,,,,,,,Air@(12000m),,,,Conductor,
Air@(2000m),,,,,,,,,,Air@(2000m),,,,Conductor,
Air@(3000m),,,,,,,,,,Air@(3000m),,,,Conductor,
Air@(4000m),,,,,,,,,,Air@(4000m),,,,Conductor,
Air@(5000m),,,,,,,,,,Air@(5000m),,,,Conductor,
Air@(500m),,,,,,,,,,Air@(500m),,,,Conductor,
Air@(6000m),,,,,,,,,,Air@(6000m),,,,Conductor,
Air@(7000m),,,,,,,,,,Air@(7000m),,,,Conductor,
Air@(8000m),,,,,,,,,,Air@(8000m),,,,Conductor,
Air@(9000m),,,,,,,,,,Air@(9000m),,,,Conductor,
Al-2024-T6,,,,,,,,,,Al-2024-T6,,,,Conductor,
Al-Die Cast,,,,,,,,,,Al-Die Cast,,,,Conductor,
Al-Die Cast-90,,,,,,,,,,Al-Die Cast-90,,,,Conductor,
Al-Die Cast-99.8,,,,,,,,,,Al-Die Cast-99.8,,,,Conductor,
Al-Duralumin,,,,,,,,,,Al-Duralumin,,,,Conductor,
Al-Extruded,,,,,,,,,,Al-Extruded,,,,Conductor,
Al-Pure,,,,,,,,,,Al-Pure,,,,Conductor,
Al-Pure_Ref,,,,,,,,,,Al-Pure_Ref,,,,Conductor,
Al-Silumin,,,,,,,,,,Al-Silumin,,,,Conductor,
Al_N,120,,734.3,,3250,,,8.8,,Al_N,3.05E+11,,5.20E-06,Insulator,
Alnico5,,,,,,,,,,Alnico5,,,,Conductor,
Alnico9,,,,,,,,,,Alnico9,,,,Conductor,
Alumina,35,,850,,3960,,,9.8,,Alumina,3.70E+11,0.22,8.10E-06,Insulator,
Alumina-Typical,,,,,,,,,,Alumina-Typical,,,,Conductor,
Aluminum 1100,,,,,,,,,,Aluminum 1100,,,,Conductor,
Aluminum 6061-T4,,,,,,,,,,Aluminum 6061-T4,,,,Conductor,
Aluminum 6061-T6,,,,,,,,,,Aluminum 6061-T6,,,,Conductor,
Aluminum 6063-T5,,,,,,,,,,Aluminum 6063-T5,,,,Conductor,
Ammonia,,,,,,,,,,Ammonia,,,,Conductor,
Arlon 25FR (tm),,,,,,,,3.58,,Arlon 25FR (tm),,,,Conductor,
Arlon 25N (tm),,,,,,,,3.38,,Arlon 25N (tm),,,,Conductor,
Arlon AD1000 (tm),,,,,,,,10.2,,Arlon AD1000 (tm),,,,Conductor,
Arlon AD250A (tm),,,,,,,,2.5,,Arlon AD250A (tm),,,,Conductor,
Arlon AD255A (tm),,,,,,,,2.55,,Arlon AD255A (tm),,,,Conductor,
Arlon AD255C (tm),,,,,,,,2.55,,Arlon AD255C (tm),,,,Conductor,
Arlon AD260A (tm),,,,,,,,2.6,,Arlon AD260A (tm),,,,Conductor,
Arlon AD270 (tm),,,,,,,,2.7,,Arlon AD270 (tm),,,,Conductor,
Arlon AD295 (tm),,,,,,,,2.95,,Arlon AD295 (tm),,,,Conductor,
Arlon AD300A (tm),,,,,,,,3,,Arlon AD300A (tm),,,,Conductor,
Arlon AD300C (tm),,,,,,,,2.97,,Arlon AD300C (tm),,,,Conductor,
Arlon AD320A (tm),,,,,,,,3.2,,Arlon AD320A (tm),,,,Conductor,
Arlon AD350A (tm),,,,,,,,3.5,,Arlon AD350A (tm),,,,Conductor,
Arlon AD410 (tm),,,,,,,,4.1,,Arlon AD410 (tm),,,,Conductor,
Arlon AD430 (tm),,,,,,,,4.3,,Arlon AD430 (tm),,,,Conductor,
Arlon AD450 (tm),,,,,,,,4.5,,Arlon AD450 (tm),,,,Conductor,
Arlon AD600 (tm),,,,,,,,6.15,,Arlon AD600 (tm),,,,Conductor,
Arlon AR1000 (tm),,,,,,,,10,,Arlon AR1000 (tm),,,,Conductor,
Arlon CLTE (tm),,,,,,,,2.98,,Arlon CLTE (tm),,,,Conductor,
Arlon CLTE-AT (tm),,,,,,,,3,,Arlon CLTE-AT (tm),,,,Conductor,
Arlon CLTE-XT (tm),,,,,,,,2.94,,Arlon CLTE-XT (tm),,,,Conductor,
Arlon CuClad 217 (tm),,,,,,,,2.17,,Arlon CuClad 217 (tm),,,,Conductor,
Arlon CuClad 233 (tm),,,,,,,,2.33,,Arlon CuClad 233 (tm),,,,Conductor,
Arlon CuClad 250GT (tm),,,,,,,,2.5,,Arlon CuClad 250GT (tm),,,,Conductor,
Arlon CuClad 250GX (tm),,,,,,,,2.5,,Arlon CuClad 250GX (tm),,,,Conductor,
Arlon DiClad 522 (tm),,,,,,,,2.5,,Arlon DiClad 522 (tm),,,,Conductor,
Arlon DiClad 527 (tm),,,,,,,,2.5,,Arlon DiClad 527 (tm),,,,Conductor,
Arlon DiClad 870 (tm),,,,,,,,2.33,,Arlon DiClad 870 (tm),,,,Conductor,
Arlon DiClad 880 (tm),,,,,,,,2.2,,Arlon DiClad 880 (tm),,,,Conductor,
Arlon IsoClad 917 (tm),,,,,,,,2.17,,Arlon IsoClad 917 (tm),,,,Conductor,
Arlon IsoClad 933 (tm),,,,,,,,2.33,,Arlon IsoClad 933 (tm),,,,Conductor,
Arlon TC350 (tm),,,,,,,,3.5,,Arlon TC350 (tm),,,,Conductor,
Arlon TC600 (tm),,,,,,,,6.15,,Arlon TC600 (tm),,,,Conductor,
Asbestos-Typical,,,,,,,,,,Asbestos-Typical,,,,Conductor,
Au-Typical,,,,,,,,,,Au-Typical,,,,Conductor,
Au-Typical_Ref,,,,,,,,,,Au-Typical_Ref,,,,Conductor,
BT_systems,,,,,,,,3.9,,BT_systems,,,,Conductor,
Bakelite-JSME,,,,,,,,,,Bakelite-JSME,,,,Conductor,
Be_O,248,,1024,,2850,,,6.8,,Be_O,,0.38,6.40E-06,Conductor,
Benzene,,,,,,,,,,Benzene,,,,Conductor,
Bismuth-Telluride,,,,,,,,,,Bismuth-Telluride,,,,Conductor,
Carbon Dioxide,,,,,,,,,,Carbon Dioxide,,,,Conductor,
Carbon Dioxide(@300K),,,,,,,,,,Carbon Dioxide(@300K),,,,Conductor,
Carbon Monoxide,,,,,,,,,,Carbon Monoxide,,,,Conductor,
Ceramic5,,,,,,,,,,Ceramic5,,,,Insulator,
Ceramic8D,,,,,,,,,,Ceramic8D,,,,Conductor,
Ceramic_material,,,,,,,,,,Ceramic_material,,,,Insulator,
Chlorine,,,,,,,,,,Chlorine,,,,Conductor,
Cu-Aluminised,,,,,,,,,,Cu-Aluminised,,,,Conductor,
Cu-Brass,,,,,,,,,,Cu-Brass,,,,Conductor,
Cu-Brass(Die-Cast),,,,,,,,,,Cu-Brass(Die-Cast),,,,Conductor,
Cu-Brass(Moldformed),,,,,,,,,,Cu-Brass(Moldformed),,,,Conductor,
Cu-Brass-30%Zn,,,,,,,,,,Cu-Brass-30%Zn,,,,Conductor,
Cu-Bronze,,,,,,,,,,Cu-Bronze,,,,Conductor,
Cu-Constantan,,,,,,,,,,Cu-Constantan,,,,Conductor,
Cu-German,,,,,,,,,,Cu-German,,,,Conductor,
Cu-Pure,,,,,,,,,,Cu-Pure,,,,Conductor,
Cu-Pure_Ref,,,,,,,,,,Cu-Pure_Ref,,,,Conductor,
Diamond-IIa,,,,,,,,,,Diamond-IIa,,,,Conductor,
Die_attach_material,,,,,,,,,,Die_attach_material,,,,Conductor,
Dupont Type 100 HN Film (tm),,,,,,,,3.5,,Dupont Type 100 HN Film (tm),,,,Conductor,
Duroid (tm),,,,,,,,2.2,,Duroid (tm),,,,Conductor,
Epoxy Resin-JSME,,,,,,,,,,Epoxy Resin-JSME,,,,Conductor,
Epoxy Resin-Typical,,,,,,,,,,Epoxy Resin-Typical,,,,Conductor,
Epoxy-glass fiber,,,,,,,,,,Epoxy-glass fiber,,,,Conductor,
Epoxy-hysol 6000,,,,,,,,,,Epoxy-hysol 6000,,,,Conductor,
Epoxy-silica filled,,,,,,,,,,Epoxy-silica filled,,,,Conductor,
Epoxy-unfilled,,,,,,,,,,Epoxy-unfilled,,,,Conductor,
Erythritol,0.733,0.326,1380,2760,1480,1300,,,,Erythritol,,,,PCM,121
FC-3283(@25degC),,,,,,,,,,FC-3283(@25degC),,,,Conductor,
FC-40(@25degC),,,,,,,,,,FC-40(@25degC),,,,Conductor,
FC-43(@25degC),,,,,,,,,,FC-43(@25degC),,,,Conductor,
FC-72(@25degC),,,,,,,,,,FC-72(@25degC),,,,Conductor,
FC-75,,,,,,,,,,FC-75,,,,Conductor,
FC-78,,,,,,,,,,FC-78,,,,Conductor,
FC-88,,,,,,,,,,FC-88,,,,Conductor,
FR-4,,,,,,,,,,FR-4,,,,Conductor,
FR-4_Ref,,,,,,,,,,FR-4_Ref,,,,Conductor,
FR4_epoxy,0.294,,1150,,1900,,,4.4,,FR4_epoxy,11000000000,0.28,1.50E-05,Conductor,
Fe-Cast(Grey),,,,,,,,,,Fe-Cast(Grey),,,,Conductor,
Fe-Cast(White),,,,,,,,,,Fe-Cast(White),,,,Conductor,
Fe-Pure,,,,,,,,,,Fe-Pure,,,,Conductor,
Fe-Pure_Ref,,,,,,,,,,Fe-Pure_Ref,,,,Conductor,
Fe-Wrought,,,,,,,,,,Fe-Wrought,,,,Conductor,
Fields_Metal,18.9,18.5,300,250,7900,7700,,,,Fields_Metal,,,,PCM,59
Flipchip_underfill,,,,,,,,,,Flipchip_underfill,,,,Conductor,
Flouroethylene Resin-JSME,,,,,,,,,,Flouroethylene Resin-JSME,,,,Conductor,
Freon-C-51-12,,,,,,,,,,Freon-C-51-12,,,,Conductor,
Freon-E5,,,,,,,,,,Freon-E5,,,,Conductor,
Freon-TF,,,,,,,,,,Freon-TF,,,,Conductor,
GE GETEK ML200/RG200 (tm),,,,,,,,3.9,,GE GETEK ML200/RG200 (tm),,,,Conductor,
GIL GML1000 (tm),,,,,,,,3.12,,GIL GML1000 (tm),,,,Conductor,
GIL GML1032 (tm),,,,,,,,3.2,,GIL GML1032 (tm),,,,Conductor,
GIL GML2032 (tm),,,,,,,,3.2,,GIL GML2032 (tm),,,,Conductor,
GIL MC5 (tm),,,,,,,,3.2,,GIL MC5 (tm),,,,Conductor,
Ge-Typical,,,,,,,,,,Ge-Typical,,,,Conductor,
Ge-n type,,,,,,,,,,Ge-n type,,,,Conductor,
Glycol-20,,,,,,,,,,Glycol-20,,,,Conductor,
Glycol-34,,,,,,,,,,Glycol-34,,,,Conductor,
Glycol-50,,,,,,,,,,Glycol-50,,,,Conductor,
Glycol-60,,,,,,,,,,Glycol-60,,,,Conductor,
Glycol-80,,,,,,,,,,Glycol-80,,,,Conductor,
Graphite-Typical,,,,,,,,,,Graphite-Typical,,,,Conductor,
HDPE plastic,,,,,,,,,,HDPE plastic,,,,Conductor,
Hard Vinyl Chloride-JSME,,,,,,,,,,Hard Vinyl Chloride-JSME,,,,Conductor,
Helium,,,,,,,,,,Helium,,,,Conductor,
Helium(@366K),,,,,,,,,,Helium(@366K),,,,Conductor,
Hydrogen,,,,,,,,,,Hydrogen,,,,Conductor,
Isola Astra (R),,,,,,,,,,Isola Astra (R),,,,Conductor,
Isola Chronon (tm),,,,,,,,,,Isola Chronon (tm),,,,Conductor,
Isola FR408,,,,,,,,,,Isola FR408,,,,Conductor,
Isola FR408HR,,,,,,,,,,Isola FR408HR,,,,Conductor,
Isola FR408HRIS,,,,,,,,,,Isola FR408HRIS,,,,Conductor,
Isola GigaSync (R),,,,,,,,,,Isola GigaSync (R),,,,Conductor,
Isola Gigaver 210 (tm),,,,,,,,3.75,,Isola Gigaver 210 (tm),,,,Conductor,
Isola Gigaver 410 (tm),,,,,,,,3.9,,Isola Gigaver 410 (tm),,,,Conductor,
Isola GreenSpeed (tm),,,,,,,,,,Isola GreenSpeed (tm),,,,Conductor,
Isola I-Speed (R),,,,,,,,,,Isola I-Speed (R),,,,Conductor,
Isola I-Speed IS (R),,,,,,,,,,Isola I-Speed IS (R),,,,Conductor,
Isola I-TeraMT (R),,,,,,,,,,Isola I-TeraMT (R),,,,Conductor,
Isola IS300MD,,,,,,,,,,Isola IS300MD,,,,Conductor,
Isola IS680-280,,,,,,,,,,Isola IS680-280,,,,Conductor,
Isola IS680-300,,,,,,,,,,Isola IS680-300,,,,Conductor,
Isola IS680-320,,,,,,,,,,Isola IS680-320,,,,Conductor,
Isola IS680-338,,,,,,,,,,Isola IS680-338,,,,Conductor,
Isola IS680-345,,,,,,,,,,Isola IS680-345,,,,Conductor,
Isola IS680AG,,,,,,,,,,Isola IS680AG,,,,Conductor,
Isola Stratus (R),,,,,,,,,,Isola Stratus (R),,,,Conductor,
Isola Tachyon (R),,,,,,,,,,Isola Tachyon (R),,,,Conductor,
Isola Tachyon 100G (R),,,,,,,,,,Isola Tachyon 100G (R),,,,Conductor,
Isola TerraGreen (R),,,,,,,,,,Isola TerraGreen (R),,,,Conductor,
Krempel Akaflex KCL (tm),,,,,,,,3.4,,Krempel Akaflex KCL (tm),,,,Conductor,
Krempel Akaflex PCL (tm),,,,,,,,3.3,,Krempel Akaflex PCL (tm),,,,Conductor,
Mask_material,,,,,,,,,,Mask_material,,,,Conductor,
Megtron6_1035_Laminate,,,,,,,,,,Megtron6_1035_Laminate,,,,Conductor,
Megtron6_1035_PP,,,,,,,,,,Megtron6_1035_PP,,,,Conductor,
Megtron6_1078_PP,,,,,,,,,,Megtron6_1078_PP,,,,Conductor,
Megtron6_3313_Laminate,,,,,,,,,,Megtron6_3313_Laminate,,,,Conductor,
Mg-Typical,,,,,,,,,,Mg-Typical,,,,Conductor,
Mg-Typical_Ref,,,,,,,,,,Mg-Typical_Ref,,,,Conductor,
Mica-Typical,,,,,,,,,,Mica-Typical,,,,Conductor,
Mica-brick-red or white,,,,,,,,,,Mica-brick-red or white,,,,Conductor,
Mica-powder,,,,,,,,,,Mica-powder,,,,Conductor,
Minteq_Pyroid_HT,,,,,,,,,,Minteq_Pyroid_HT,,,,Conductor,
Mold_material,,,,,,,,,,Mold_material,,,,Conductor,
Moly70Cu,190,,385,,9700,,1.70E-08,1,,Moly70Cu,,,,Conductor,
NdFe30,,,,,,,,,,NdFe30,,,,Conductor,
NdFe35,,,,,,,,,,NdFe35,,,,Conductor,
Nelco N4000-13 (tm),,,,,,,,3.5,,Nelco N4000-13 (tm),,,,Conductor,
Nelco N4000-13 SI (tm),,,,,,,,3.4,,Nelco N4000-13 SI (tm),,,,Conductor,
Neltec NH9294 (tm),,,,,,,,2.94,,Neltec NH9294 (tm),,,,Conductor,
Neltec NH9300 (tm),,,,,,,,3,,Neltec NH9300 (tm),,,,Conductor,
Neltec NH9320 (tm),,,,,,,,3.2,,Neltec NH9320 (tm),,,,Conductor,
Neltec NH9338 (tm),,,,,,,,3.38,,Neltec NH9338 (tm),,,,Conductor,
Neltec NH9348 (tm),,,,,,,,3.48,,Neltec NH9348 (tm),,,,Conductor,
Neltec NH9350 (tm),,,,,,,,3.5,,Neltec NH9350 (tm),,,,Conductor,
Neltec NX9240 (tm),,,,,,,,2.4,,Neltec NX9240 (tm),,,,Conductor,
Neltec NX9245(IM) (tm),,,,,,,,2.45,,Neltec NX9245(IM) (tm),,,,Conductor,
Neltec NX9294 (tm),,,,,,,,2.94,,Neltec NX9294 (tm),,,,Conductor,
Neltec NX9300(IM) (tm),,,,,,,,3,,Neltec NX9300(IM) (tm),,,,Conductor,
Neltec NX9320(IM) (tm),,,,,,,,3.2,,Neltec NX9320(IM) (tm),,,,Conductor,
Neltec NY9208(IM) (tm),,,,,,,,2.08,,Neltec NY9208(IM) (tm),,,,Conductor,
Neltec NY9217(IM) (tm),,,,,,,,2.17,,Neltec NY9217(IM) (tm),,,,Conductor,
Neltec NY9220(IM) (tm),,,,,,,,2.2,,Neltec NY9220(IM) (tm),,,,Conductor,
Neltec NY9233(IM) (tm),,,,,,,,2.33,,Neltec NY9233(IM) (tm),,,,Conductor,
Neltec NY9250(IM) (tm),,,,,,,,2.5,,Neltec NY9250(IM) (tm),,,,Conductor,
Neltec NY9255(IM) (tm),,,,,,,,2.55,,Neltec NY9255(IM) (tm),,,,Conductor,
Neltec NY9260(IM) (tm),,,,,,,,2.6,,Neltec NY9260(IM) (tm),,,,Conductor,
Ni-Inconel,,,,,,,,,,Ni-Inconel,,,,Conductor,
Ni-Inconel-cast,,,,,,,,,,Ni-Inconel-cast,,,,Conductor,
Ni-Monel,,,,,,,,,,Ni-Monel,,,,Conductor,
Ni-Monel-cast,,,,,,,,,,Ni-Monel-cast,,,,Conductor,
Ni-Pure,,,,,,,,,,Ni-Pure,,,,Conductor,
Ni-Pure_Ref,,,,,,,,,,Ni-Pure_Ref,,,,Conductor,
Nitrogen,,,,,,,,,,Nitrogen,,,,Conductor,
Nitrogen(@300K),,,,,,,,,,Nitrogen(@300K),,,,Conductor,
Nylon-Nylon-6,,,,,,,,,,Nylon-Nylon-6,,,,Conductor,
Nylon-Nylon-66,,,,,,,,,,Nylon-Nylon-66,,,,Conductor,
Nylon-glass filed,,,,,,,,,,Nylon-glass filed,,,,Conductor,
Nylon-polycaprolactam,,,,,,,,,,Nylon-polycaprolactam,,,,Conductor,
Oxygen,,,,,,,,,,Oxygen,,,,Conductor,
Oxygen(@300k),,,,,,,,,,Oxygen(@300k),,,,Conductor,
PVC plastic,,,,,,,,,,PVC plastic,,,,Conductor,
Pad_material,,,,,,,,,,Pad_material,,,,Conductor,
Pb_Sn solder,35.8,,130,,11020,,,,,Pb_Sn solder,,,,Conductor,
Phenol Resin-JSME,,,,,,,,,,Phenol Resin-JSME,,,,Conductor,
Plastic,,,,,,,,,,Plastic,,,,Conductor,
Polycarbonate-JSME,,,,,,,,,,Polycarbonate-JSME,,,,Conductor,
Polyethylene Resin-JSME,,,,,,,,,,Polyethylene Resin-JSME,,,,Conductor,
Polyflon Copper-Clad ULTEM (tm),,,,,,,,3.05,,Polyflon Copper-Clad ULTEM (tm),,,,Conductor,
Polyflon CuFlon (tm),,,,,,,,2.1,,Polyflon CuFlon (tm),,,,Conductor,
Polyflon Polyguide (tm),,,,,,,,2.32,,Polyflon Polyguide (tm),,,,Conductor,
Polyflon_NorCLAD (tm),,,,,,,,2.55,,Polyflon_NorCLAD (tm),,,,Conductor,
Polypropylene-JSME,,,,,,,,,,Polypropylene-JSME,,,,Conductor,
Polystyrene-JSME,,,,,,,,,,Polystyrene-JSME,,,,Conductor,
Polystyrene-Typical,,,,,,,,,,Polystyrene-Typical,,,,Conductor,
Polystyrene-rigid-R12,,,,,,,,,,Polystyrene-rigid-R12,,,,Conductor,
Pt-Typical,,,,,,,,,,Pt-Typical,,,,Conductor,
Pt-Typical_Ref,,,,,,,,,,Pt-Typical_Ref,,,,Conductor,
Rogers RO3003 (tm),,,,,,,,3,,Rogers RO3003 (tm),,,,Conductor,
Rogers RO3006 (tm),,,,,,,,6.15,,Rogers RO3006 (tm),,,,Conductor,
Rogers RO3010 (tm),,,,,,,,10.2,,Rogers RO3010 (tm),,,,Conductor,
Rogers RO3203 (tm),,,,,,,,3.02,,Rogers RO3203 (tm),,,,Conductor,
Rogers RO3210 (tm),,,,,,,,10.2,,Rogers RO3210 (tm),,,,Conductor,
Rogers RO4003 (tm),,,,,,,,3.55,,Rogers RO4003 (tm),,,,Conductor,
Rogers RO4232 (tm),,,,,,,,3.2,,Rogers RO4232 (tm),,,,Conductor,
Rogers RO4350 (tm),,,,,,,,3.66,,Rogers RO4350 (tm),,,,Conductor,
Rogers RT/duroid 5870 (tm),,,,,,,,2.33,,Rogers RT/duroid 5870 (tm),,,,Conductor,
Rogers RT/duroid 5880 (tm),,,,,,,,2.2,,Rogers RT/duroid 5880 (tm),,,,Conductor,
Rogers RT/duroid 6002 (tm),,,,,,,,2.94,,Rogers RT/duroid 6002 (tm),,,,Conductor,
Rogers RT/duroid 6006 (tm),,,,,,,,6.15,,Rogers RT/duroid 6006 (tm),,,,Conductor,
Rogers RT/duroid 6010/6010LM (tm),,,,,,,,10.2,,Rogers RT/duroid 6010/6010LM (tm),,,,Conductor,
Rogers TMM 10 (tm),,,,,,,,9.2,,Rogers TMM 10 (tm),,,,Conductor,
Rogers TMM 10i (tm),,,,,,,,9.8,,Rogers TMM 10i (tm),,,,Conductor,
Rogers TMM 3 (tm),,,,,,,,3.27,,Rogers TMM 3 (tm),,,,Conductor,
Rogers TMM 4 (tm),,,,,,,,4.5,,Rogers TMM 4 (tm),,,,Conductor,
Rogers TMM 6 (tm),,,,,,,,6,,Rogers TMM 6 (tm),,,,Conductor,
Rogers Ultralam 1250 (tm),,,,,,,,2.5,,Rogers Ultralam 1250 (tm),,,,Conductor,
Rogers Ultralam 1300 (tm),,,,,,,,3,,Rogers Ultralam 1300 (tm),,,,Conductor,
Rogers Ultralam 2000 (tm),,,,,,,,2.5,,Rogers Ultralam 2000 (tm),,,,Conductor,
Rogers Ultralam1217 (tm),,,,,,,,2.17,,Rogers Ultralam1217 (tm),,,,Conductor,
Rubber-Plyspr natural,,,,,,,,,,Rubber-Plyspr natural,,,,Conductor,
Rubber-Polyisoprene-hard,,,,,,,,,,Rubber-Polyisoprene-hard,,,,Conductor,
Rubber-buna-carbon black,,,,,,,,,,Rubber-buna-carbon black,,,,Conductor,
Rubber-natural,,,,,,,,,,Rubber-natural,,,,Conductor,
Ruber-dielectric,,,,,,,,,,Ruber-dielectric,,,,Conductor,
SAC405,48,,167,,8000,,,,,SAC405,,,,Conductor,
STABLCOR_ST10,,,,,,,,,,STABLCOR_ST10,,,,Conductor,
STABLCOR_ST175,,,,,,,,,,STABLCOR_ST175,,,,Conductor,
STABLCOR_ST250,,,,,,,,,,STABLCOR_ST250,,,,Conductor,
STABLCOR_ST325,,,,,,,,,,STABLCOR_ST325,,,,Conductor,
STABLCOR_ST500,,,,,,,,,,STABLCOR_ST500,,,,Conductor,
Sheldahl ComClad HF (tm),,,,,,,,2.6,,Sheldahl ComClad HF (tm),,,,Conductor,
Si-Typical,,,,,,,,,,Si-Typical,,,,Conductor,
Si-Typical_Ref,,,,,,,,,,Si-Typical_Ref,,,,Conductor,
SiC,120,,750,,3200,,,,,SiC,,,,Semiconductor,
SiC-kt grade,,,,,,,,,,SiC-kt grade,,,,Conductor,
SiC-single xtal,,,,,,,,,,SiC-single xtal,,,,Conductor,
SiC-slf bnd_ he atm,,,,,,,,,,SiC-slf bnd_ he atm,,,,Conductor,
Silicone Resin-JSME,,,,,,,,,,Silicone Resin-JSME,,,,Conductor,
SmCo24,,,,,,,,,,SmCo24,,,,Conductor,
SmCo28,,,,,,,,,,SmCo28,,,,Conductor,
Solder Alloy 99C Sn-0.7Cu,,,,,,,1.33E-07,,,Solder Alloy 99C Sn-0.7Cu,,,,Conductor,
Solder Castin-TM Sn-2.5Ag-0.8Cu-0.5Sb,,,,,,,1.21E-07,,,Solder Castin-TM Sn-2.5Ag-0.8Cu-0.5Sb,,,,Conductor,
Solder Ecosol TSC Sn-3.8Ag-0.7Cu,,,,,,,1.33E-07,,,Solder Ecosol TSC Sn-3.8Ag-0.7Cu,,,,Conductor,
Solder Eutectic Sn-37 Pb,,,,,400,,1.45E-07,,,Solder Eutectic Sn-37 Pb,200000000,0.4,4.00E-06,Conductor,
Solder Lead-Free Sn-3.5Ag,,,,,,,1.23E-07,,,Solder Lead-Free Sn-3.5Ag,,,,Conductor,
Solder Lead-Free Sn-3.5Ag-0.7Cu,,,,,,,1.33E-07,,,Solder Lead-Free Sn-3.5Ag-0.7Cu,,,,Conductor,
Solder-pb37.5_sn37.5_in25,,,,,,,,,,Solder-pb37.5_sn37.5_in25,,,,Conductor,
Solder-pb39.2_sn60.8,,,,,,,,,,Solder-pb39.2_sn60.8,,,,Conductor,
Solder-pb50_sn50,,,,,,,,,,Solder-pb50_sn50,,,,Conductor,
SolderMask,,,,,,,,,,SolderMask,,,,Conductor,
Steel-300m-high strength,,,,,,,,,,Steel-300m-high strength,,,,Conductor,
Steel-Carbon,,,,,,,,,,Steel-Carbon,,,,Conductor,
Steel-Carbon-1020,,,,,,,,,,Steel-Carbon-1020,,,,Conductor,
Steel-Cast,,,,,,,,,,Steel-Cast,,,,Conductor,
Steel-Chrome,,,,,,,,,,Steel-Chrome,,,,Conductor,
Steel-Chromenickel,,,,,,,,,,Steel-Chromenickel,,,,Conductor,
Steel-Nickel(10Ni),,,,,,,,,,Steel-Nickel(10Ni),,,,Conductor,
Steel-Stainless,,,,,,,,,,Steel-Stainless,,,,Conductor,
Steel-Stainless-300,,,,,,,,,,Steel-Stainless-300,,,,Conductor,
Steel-stainless-400,,,,,,,,,,Steel-stainless-400,,,,Conductor,
Substrate_material,,,,,,,,,,Substrate_material,,,,Conductor,
Taconic CER-10 (tm),,,,,,,,10,,Taconic CER-10 (tm),,,,Conductor,
Taconic RF-30 (tm),,,,,,,,3,,Taconic RF-30 (tm),,,,Conductor,
Taconic RF-35 (tm),,,,,,,,3.5,,Taconic RF-35 (tm),,,,Conductor,
Taconic RF-60 (tm),,,,,,,,6.15,,Taconic RF-60 (tm),,,,Conductor,
Taconic TLC (tm),,,,,,,,3.2,,Taconic TLC (tm),,,,Conductor,
Taconic TLE (tm),,,,,,,,2.95,,Taconic TLE (tm),,,,Conductor,
Taconic TLT (tm),,,,,,,,2.55,,Taconic TLT (tm),,,,Conductor,
Taconic TLX (tm),,,,,,,,2.55,,Taconic TLX (tm),,,,Conductor,
Taconic TLY (tm),,,,,,,,2.2,,Taconic TLY (tm),,,,Conductor,
Tantalum Nitride,58,,140,,16600,,0.000135135,,,Tantalum Nitride,1.90E+11,0.35,6.60E-06,Conductor,
Teflon (tm),0.25,,1400,,2250,,,2.1,,Teflon (tm),496000000,0.3,1.35E-06,Conductor,
Ti-Typical,,,,,,,,,,Ti-Typical,,,,Conductor,
Ti-Typical_Ref,,,,,,,,,,Ti-Typical_Ref,,,,Conductor,
Water,,,,,,,,,,Water,,,,Conductor,
Water Vapor,,,,,,,,,,Water Vapor,,,,Conductor,
Water Vapor(@373K),,,,,,,,,,Water Vapor(@373K),,,,Conductor,
Water(@280K),,,,,,,,,,Water(@280K),,,,Conductor,
Water(@320K),,,,,,,,,,Water(@320K),,,,Conductor,
Water(@360K),,,,,,,,,,Water(@360K),,,,Conductor,
Xylitol,0.373,0.433,1330,2360,1500,1350,,,,Xylitol,,,,PCM,94
ZEONEX RS420 (tm),,,,,,,,,,ZEONEX RS420 (tm),,,,Conductor,
ZEONEX RS420-LDS (tm),,,,,,,,,,ZEONEX RS420-LDS (tm),,,,Conductor,
Zn-Al-Cu-alloy,,,,,,,,,,Zn-Al-Cu-alloy,,,,Conductor,
Zn-Al-alloy,,,,,,,,,,Zn-Al-alloy,,,,Conductor,
Zn-ferrite,,,,,,,,,,Zn-ferrite,,,,Conductor,
Zn-oxide,,,,,,,,,,Zn-oxide,,,,Conductor,
Zn-typical,,,,,,,,,,Zn-typical,,,,Conductor,
alumina_92pct,26,,790,,3720,,,9.2,,alumina_92pct,2.67E+11,0.26,7.20E-06,Conductor,
alumina_96pct,25,,880,,3800,,,9.4,,alumina_96pct,3.03E+11,0.21,6.40E-06,Conductor,
aluminum,,,,,,,,,,aluminum,,,,Conductor,
aluminum_EC,237.5,,,,,,2.78E-08,,1.000021,aluminum_EC,,,,Conductor,
aluminum_no2_EC,237.5,,,,,,3.03E-08,,1.000021,aluminum_no2_EC,,,,Conductor,
bakelite,1.4,,820,,1300,,1000000000,4.8,,bakelite,,,4.50E-05,Conductor,
benzocyclobuten,0.29,,1247,,1130,,,2.6,,benzocyclobuten,,,,Conductor,
beryllium,190,,1824,,1848,,4.00E-08,,1.00000079,beryllium,3.00E+11,0.03,9.20E-06,,
brass,111,,162,,8600,,6.67E-08,,,brass,1.00E+11,0.34,3.39E-05,,
bronze,64,,420,,8890,,1.00E-07,,,bronze,1.17E+11,0.31,1.40E-05,,
cast_iron,83,,165,,7200,,6.67E-07,,60,cast_iron,1.65E+11,0.27,1.20E-05,Conductor,
chromium,94,,421,,7180,,1.32E-07,,,chromium,1.10E+11,0.31,2.91E-05,,
cobalt,100,,421,,8862,,1.00E-07,,250,cobalt,2.06E+11,0.32,2.66E-05,Conductor,
copper,400,,385,,8933,,1.72E-08,,0.999991,copper,1.20E+11,0.38,1.77E-05,Conductor,
corning_glass,,,,,,,,5.75,,corning_glass,,,,Conductor,
cyanate_ester,,,,,,,,3.8,,cyanate_ester,,,,Conductor,
diamond,2000,,472,,3510,,,16.5,,diamond,1.14E+12,0.2,1.18E-06,Conductor,
diamond_hi_pres,2000,,518,,3200,,,5.7,,diamond_hi_pres,9.00E+11,0.2,1.18E-06,Conductor,
diamond_pl_cvd,2000,,472,,3200,,,3.5,,diamond_pl_cvd,9.00E+11,0.2,1.18E-06,Conductor,
eGRAF_HITHERM_SRS_1200,,,,,,,,,,eGRAF_HITHERM_SRS_1200,,,,Conductor,
eGRAF_HITHERM_SRS_700,,,,,,,,,,eGRAF_HITHERM_SRS_700,,,,Conductor,
eGRAF_HS_400,,,,,,,,,,eGRAF_HS_400,,,,Conductor,
eGRAF_SPREAD_SS300,,,,,,,,,,eGRAF_SPREAD_SS300,,,,Conductor,
eGRAF_SPREAD_SS400,,,,,,,,,,eGRAF_SPREAD_SS400,,,,Conductor,
eGRAF_SPREAD_SS500,,,,,,,,,,eGRAF_SPREAD_SS500,,,,Conductor,
epoxy_Kevlar_xy,,,,,,,,,,epoxy_Kevlar_xy,,,,Conductor,
ferrite,4,,750,,4600,,100,12,1000,ferrite,1.19E+11,,1.00E-05,Conductor,
gallium_arsenide,46,,350,,5320,,,12.9,,gallium_arsenide,85500000000,0.31,6.86E-06,Conductor,
glass,,,,,,,,,,glass,,,,Conductor,
glass_PTFEreinf,,,,,,,,2.5,,glass_PTFEreinf,,,,Conductor,
gold,315,,129,,19300,,2.44E-08,,0.99996,gold,80000000000,0.4,1.40E-05,Conductor,
graphite,24,,709,,2250,,1.43E-05,,,graphite,4800000000,,2.00E-06,Conductor,
h2o,,,,,,,,,,h2o,,,,Conductor,
h2o(@373K),,,,,,,,,,h2o(@373K),,,,Conductor,
indium,,,,,,,,,,indium,,,,Conductor,
iron,79,,447,,7870,,9.71E-08,,4000,iron,1.95E+11,0.28,1.20E-05,Conductor,
lead,35,,129,,11336,,2.00E-07,,0.999983,lead,14000000000,0.45,2.85E-05,Conductor,
magnesium,,,,,,,,,,magnesium,,,,Conductor,
marble,3,,880,,2700,,,8.3,,marble,70000000000,0.1,1.20E-05,Conductor,
mica,0.34,,500,,2500,,,5.7,,mica,34500000000,0.205,1.05E-05,Conductor,
modified_epoxy,,,,,,,,4.2,,modified_epoxy,,,,Conductor,
molybdenum,,,,,,,,,,molybdenum,,,,Conductor,
mu_metal,0,,,,,,,,,mu_metal,,,,Conductor,
nickel,90,,444,,8900,,6.90E-08,,600,nickel,2.10E+11,0.35,1.30E-05,,
palladium,73,,244,,12020,,1.08E-07,,1.00082,palladium,1.20E+11,0.39,1.18E-05,Conductor,
pec,,,,,,,1.00E-30,,,pec,,,,,
perfect conductor,,,,,,,1.00E-30,,,perfect conductor,,,,,
platinum,72,,133,,21450,,1.08E-07,,,platinum,1.60E+11,0.36,8.99E-06,,
plexiglass,0.26,,,,,,,3.4,,plexiglass,,,,,
polyamide,0.26,,,,,,,4.3,,polyamide,,,,Conductor,
polyester,,,,,,,,3.2,,polyester,,,,Conductor,
polyethylene,,,,,,,,,,polyethylene,,,,,
polyimide,0.25,,1150,,1400,,,3.5,,polyimide,7500000000,0.35,7.00E-05,Conductor,
polyimideQuartz,,,,,,,,4,,polyimideQuartz,,,,Conductor,
polystyrene,0.14,,,,,,1.00E+16,2.6,,polystyrene,,,,Conductor,
porcelain,,,,,,,,,,porcelain,,,,Conductor,
quartz_glass,1.4,,750,,2500,,,3.78,,quartz_glass,60000000000,0.25,8.00E-06,Conductor,
rhodium,,,,,,,,,,rhodium,,,,Conductor,
rubber_hard,0.16,,1,,1190,,1.00E+15,3,,rubber_hard,,,,Conductor,
sapphire,23.1,,,,,,,10,,sapphire,,,,Conductor,
silicon,148,,712,,2330,,,11.9,,silicon,1.35E+11,0.25,2.54E-06,Conductor,
silicon_dioxide,1.5,,745,,2220,,,4,,silicon_dioxide,,,4.50E-06,Conductor,
silicon_nitrate,16,,691,,2400,,,7,,silicon_nitrate,,,2.70E-06,Conductor,
silver,429,,235,,10500,,1.64E-08,,0.99998,silver,77000000000,0.37,1.89E-05,Conductor,
solder,50.9,,167,,8300,,1.43E-07,,,solder,69000000000,0.4,1.59E-06,,
steel_1008,45,,481,,7872,,,,,steel_1008,2.00E+11,0.25,1.26E-05,Conductor,
steel_1010,45,,448,,7872,,,,,steel_1010,2.05E+11,0.28,1.22E-05,Conductor,
steel_stainless,13.8,,480,,8055,,9.09E-07,,,steel_stainless,1.95E+11,0.3,1.08E-05,,
tantalum,,,,,,,1.59E-07,,,tantalum,,,,Conductor,
teflon_based,0.35,,1050,,2200,,,2.08,,teflon_based,,,0.00016,Conductor,
tin,,,,,,,,,,tin,,,,,
titanium,21,,522,,4500,,5.49E-07,,1.00018,titanium,1.15E+11,0.33,8.30E-06,,
tungsten,174,,132,,19300,,5.49E-08,,,tungsten,3.75E+11,0.3,4.60E-06,,
vacuum,,,,,,,,1,,vacuum,,,,vacuum,
water_distilled,0.61,,,,,,5000,81,0.999991,water_distilled,,,,Conductor,
water_fresh,,,,,,,,,,water_fresh,,,,Conductor,
water_sea,0.61,,,,,,0.25,81,0.999991,water_sea,,,,Conductor,
zirconium,,,,,,,,,,zirconium,,,,Conductor,
